type,fold,fold_time,experiment,vectorizer1,vectorizer2,model1,model2,f1_micro,f1_macro,f1_samples,recall_micro,recall_macro,hamming,avg_labels_true,avg_labels_pred,predict sum,true sum,best_threshold,best_params,config
graphics,0,82.815,threshold_0.1,resnet50,,logistic,,0.288235294117647,0.2505120186599149,0.2844197540791968,0.9919028340080972,0.9675925925925924,0.7469135802469136,2.7444444444444445,16.144444444444446,1453,247,0.1,"{'estimator__C': 0.01, 'estimator__class_weight': 'balanced'}","{'type': 'graphics', 'vectorizers': ['resnet50'], 'models': ['logistic'], 'balanced_list': [True, True], 'thresholds_text': [None], 'thresholds_graphics': [0.1, 0.2, 0.3, 0.4, 0.5, 0.6, 0.7], 'outer_cv': 10, 'inner_cv': 3, 'use_threshold_grid': True, 'use_model_grid': True, 'grid': [{'estimator__C': [0.01, 0.1, 1.0, 10.0], 'estimator__class_weight': [None, 'balanced']}, {}], 'save_more_metadata': True, 'all_thresholds': True, 'use_subset': True, 'subset_size': 0.1, 'plot_show': True}"
graphics,0,82.815,threshold_0.2,resnet50,,logistic,,0.3160690571049137,0.2607734190085197,0.3106611877019513,0.9635627530364372,0.8738075196408529,0.6358024691358025,2.7444444444444445,13.988888888888887,1259,247,0.2,"{'estimator__C': 0.01, 'estimator__class_weight': 'balanced'}","{'type': 'graphics', 'vectorizers': ['resnet50'], 'models': ['logistic'], 'balanced_list': [True, True], 'thresholds_text': [None], 'thresholds_graphics': [0.1, 0.2, 0.3, 0.4, 0.5, 0.6, 0.7], 'outer_cv': 10, 'inner_cv': 3, 'use_threshold_grid': True, 'use_model_grid': True, 'grid': [{'estimator__C': [0.01, 0.1, 1.0, 10.0], 'estimator__class_weight': [None, 'balanced']}, {}], 'save_more_metadata': True, 'all_thresholds': True, 'use_subset': True, 'subset_size': 0.1, 'plot_show': True}"
graphics,0,82.815,threshold_0.3,resnet50,,logistic,,0.331482950039651,0.2580308087740114,0.3245112383889473,0.8461538461538461,0.708921793466367,0.5203703703703704,2.7444444444444445,11.266666666666667,1014,247,0.3,"{'estimator__C': 0.01, 'estimator__class_weight': 'balanced'}","{'type': 'graphics', 'vectorizers': ['resnet50'], 'models': ['logistic'], 'balanced_list': [True, True], 'thresholds_text': [None], 'thresholds_graphics': [0.1, 0.2, 0.3, 0.4, 0.5, 0.6, 0.7], 'outer_cv': 10, 'inner_cv': 3, 'use_threshold_grid': True, 'use_model_grid': True, 'grid': [{'estimator__C': [0.01, 0.1, 1.0, 10.0], 'estimator__class_weight': [None, 'balanced']}, {}], 'save_more_metadata': True, 'all_thresholds': True, 'use_subset': True, 'subset_size': 0.1, 'plot_show': True}"
graphics,0,82.815,threshold_0.4,resnet50,,logistic,,0.3416216216216216,0.2550167074285889,0.3343003293003293,0.6396761133603239,0.5062910722555045,0.3759259259259259,2.7444444444444445,7.533333333333333,678,247,0.4,"{'estimator__C': 0.01, 'estimator__class_weight': 'balanced'}","{'type': 'graphics', 'vectorizers': ['resnet50'], 'models': ['logistic'], 'balanced_list': [True, True], 'thresholds_text': [None], 'thresholds_graphics': [0.1, 0.2, 0.3, 0.4, 0.5, 0.6, 0.7], 'outer_cv': 10, 'inner_cv': 3, 'use_threshold_grid': True, 'use_model_grid': True, 'grid': [{'estimator__C': [0.01, 0.1, 1.0, 10.0], 'estimator__class_weight': [None, 'balanced']}, {}], 'save_more_metadata': True, 'all_thresholds': True, 'use_subset': True, 'subset_size': 0.1, 'plot_show': True}"
graphics,0,82.815,threshold_0.5,resnet50,,logistic,,0.2756302521008403,0.1778443980134326,0.2628395061728395,0.3319838056680162,0.2222041695194909,0.2660493827160494,2.7444444444444445,3.866666666666666,348,247,0.5,"{'estimator__C': 0.01, 'estimator__class_weight': 'balanced'}","{'type': 'graphics', 'vectorizers': ['resnet50'], 'models': ['logistic'], 'balanced_list': [True, True], 'thresholds_text': [None], 'thresholds_graphics': [0.1, 0.2, 0.3, 0.4, 0.5, 0.6, 0.7], 'outer_cv': 10, 'inner_cv': 3, 'use_threshold_grid': True, 'use_model_grid': True, 'grid': [{'estimator__C': [0.01, 0.1, 1.0, 10.0], 'estimator__class_weight': [None, 'balanced']}, {}], 'save_more_metadata': True, 'all_thresholds': True, 'use_subset': True, 'subset_size': 0.1, 'plot_show': True}"
graphics,0,82.815,threshold_0.6,resnet50,,logistic,,0.1372031662269129,0.0820165830537546,0.1218518518518518,0.1052631578947368,0.0646864632175849,0.2018518518518518,2.7444444444444445,1.4666666666666666,132,247,0.6,"{'estimator__C': 0.01, 'estimator__class_weight': 'balanced'}","{'type': 'graphics', 'vectorizers': ['resnet50'], 'models': ['logistic'], 'balanced_list': [True, True], 'thresholds_text': [None], 'thresholds_graphics': [0.1, 0.2, 0.3, 0.4, 0.5, 0.6, 0.7], 'outer_cv': 10, 'inner_cv': 3, 'use_threshold_grid': True, 'use_model_grid': True, 'grid': [{'estimator__C': [0.01, 0.1, 1.0, 10.0], 'estimator__class_weight': [None, 'balanced']}, {}], 'save_more_metadata': True, 'all_thresholds': True, 'use_subset': True, 'subset_size': 0.1, 'plot_show': True}"
graphics,0,82.815,threshold_0.7,resnet50,,logistic,,0.029520295202952,0.0169220945083014,0.0218518518518518,0.0161943319838056,0.0095506535947712,0.1623456790123456,2.7444444444444445,0.2666666666666666,24,247,0.7,"{'estimator__C': 0.01, 'estimator__class_weight': 'balanced'}","{'type': 'graphics', 'vectorizers': ['resnet50'], 'models': ['logistic'], 'balanced_list': [True, True], 'thresholds_text': [None], 'thresholds_graphics': [0.1, 0.2, 0.3, 0.4, 0.5, 0.6, 0.7], 'outer_cv': 10, 'inner_cv': 3, 'use_threshold_grid': True, 'use_model_grid': True, 'grid': [{'estimator__C': [0.01, 0.1, 1.0, 10.0], 'estimator__class_weight': [None, 'balanced']}, {}], 'save_more_metadata': True, 'all_thresholds': True, 'use_subset': True, 'subset_size': 0.1, 'plot_show': True}"
graphics,1,45.55,threshold_0.1,resnet50,,logistic,,0.2758620689655172,0.240253897200051,0.2711299180713941,0.979591836734694,0.9285006932065756,0.7526881720430108,2.634408602150537,16.0752688172043,1495,245,0.1,"{'estimator__C': 0.01, 'estimator__class_weight': 'balanced'}","{'type': 'graphics', 'vectorizers': ['resnet50'], 'models': ['logistic'], 'balanced_list': [True, True], 'thresholds_text': [None], 'thresholds_graphics': [0.1, 0.2, 0.3, 0.4, 0.5, 0.6, 0.7], 'outer_cv': 10, 'inner_cv': 3, 'use_threshold_grid': True, 'use_model_grid': True, 'grid': [{'estimator__C': [0.01, 0.1, 1.0, 10.0], 'estimator__class_weight': [None, 'balanced']}, {}], 'save_more_metadata': True, 'all_thresholds': True, 'use_subset': True, 'subset_size': 0.1, 'plot_show': True}"
graphics,1,45.55,threshold_0.2,resnet50,,logistic,,0.2982569399612653,0.2475593601977702,0.2929374596906804,0.9428571428571428,0.8713317818709976,0.6493428912783752,2.634408602150537,14.021505376344086,1304,245,0.2,"{'estimator__C': 0.01, 'estimator__class_weight': 'balanced'}","{'type': 'graphics', 'vectorizers': ['resnet50'], 'models': ['logistic'], 'balanced_list': [True, True], 'thresholds_text': [None], 'thresholds_graphics': [0.1, 0.2, 0.3, 0.4, 0.5, 0.6, 0.7], 'outer_cv': 10, 'inner_cv': 3, 'use_threshold_grid': True, 'use_model_grid': True, 'grid': [{'estimator__C': [0.01, 0.1, 1.0, 10.0], 'estimator__class_weight': [None, 'balanced']}, {}], 'save_more_metadata': True, 'all_thresholds': True, 'use_subset': True, 'subset_size': 0.1, 'plot_show': True}"
graphics,1,45.55,threshold_0.3,resnet50,,logistic,,0.3076923076923077,0.2392733601548311,0.2982795491808774,0.8081632653061225,0.6697807911043205,0.532258064516129,2.634408602150537,11.204301075268818,1042,245,0.3,"{'estimator__C': 0.01, 'estimator__class_weight': 'balanced'}","{'type': 'graphics', 'vectorizers': ['resnet50'], 'models': ['logistic'], 'balanced_list': [True, True], 'thresholds_text': [None], 'thresholds_graphics': [0.1, 0.2, 0.3, 0.4, 0.5, 0.6, 0.7], 'outer_cv': 10, 'inner_cv': 3, 'use_threshold_grid': True, 'use_model_grid': True, 'grid': [{'estimator__C': [0.01, 0.1, 1.0, 10.0], 'estimator__class_weight': [None, 'balanced']}, {}], 'save_more_metadata': True, 'all_thresholds': True, 'use_subset': True, 'subset_size': 0.1, 'plot_show': True}"
graphics,1,45.55,threshold_0.4,resnet50,,logistic,,0.3214670981661273,0.2369928914102293,0.3147572857250276,0.6081632653061224,0.4822527916890662,0.3757467144563918,2.634408602150537,7.333333333333333,682,245,0.4,"{'estimator__C': 0.01, 'estimator__class_weight': 'balanced'}","{'type': 'graphics', 'vectorizers': ['resnet50'], 'models': ['logistic'], 'balanced_list': [True, True], 'thresholds_text': [None], 'thresholds_graphics': [0.1, 0.2, 0.3, 0.4, 0.5, 0.6, 0.7], 'outer_cv': 10, 'inner_cv': 3, 'use_threshold_grid': True, 'use_model_grid': True, 'grid': [{'estimator__C': [0.01, 0.1, 1.0, 10.0], 'estimator__class_weight': [None, 'balanced']}, {}], 'save_more_metadata': True, 'all_thresholds': True, 'use_subset': True, 'subset_size': 0.1, 'plot_show': True}"
graphics,1,45.55,threshold_0.5,resnet50,,logistic,,0.2710120068610634,0.192303490435177,0.2594400223432481,0.3224489795918367,0.2303396948004791,0.2538829151732377,2.634408602150537,3.6344086021505375,338,245,0.5,"{'estimator__C': 0.01, 'estimator__class_weight': 'balanced'}","{'type': 'graphics', 'vectorizers': ['resnet50'], 'models': ['logistic'], 'balanced_list': [True, True], 'thresholds_text': [None], 'thresholds_graphics': [0.1, 0.2, 0.3, 0.4, 0.5, 0.6, 0.7], 'outer_cv': 10, 'inner_cv': 3, 'use_threshold_grid': True, 'use_model_grid': True, 'grid': [{'estimator__C': [0.01, 0.1, 1.0, 10.0], 'estimator__class_weight': [None, 'balanced']}, {}], 'save_more_metadata': True, 'all_thresholds': True, 'use_subset': True, 'subset_size': 0.1, 'plot_show': True}"
graphics,1,45.55,threshold_0.6,resnet50,,logistic,,0.1891891891891892,0.138738179778213,0.1748591909882232,0.1428571428571428,0.1126690575219987,0.1792114695340501,2.634408602150537,1.3440860215053765,125,245,0.6,"{'estimator__C': 0.01, 'estimator__class_weight': 'balanced'}","{'type': 'graphics', 'vectorizers': ['resnet50'], 'models': ['logistic'], 'balanced_list': [True, True], 'thresholds_text': [None], 'thresholds_graphics': [0.1, 0.2, 0.3, 0.4, 0.5, 0.6, 0.7], 'outer_cv': 10, 'inner_cv': 3, 'use_threshold_grid': True, 'use_model_grid': True, 'grid': [{'estimator__C': [0.01, 0.1, 1.0, 10.0], 'estimator__class_weight': [None, 'balanced']}, {}], 'save_more_metadata': True, 'all_thresholds': True, 'use_subset': True, 'subset_size': 0.1, 'plot_show': True}"
graphics,1,45.55,threshold_0.7,resnet50,,logistic,,0.0577617328519855,0.0314327485380116,0.0476702508960573,0.0326530612244898,0.0200746965452847,0.1559139784946236,2.634408602150537,0.3440860215053763,32,245,0.7,"{'estimator__C': 0.01, 'estimator__class_weight': 'balanced'}","{'type': 'graphics', 'vectorizers': ['resnet50'], 'models': ['logistic'], 'balanced_list': [True, True], 'thresholds_text': [None], 'thresholds_graphics': [0.1, 0.2, 0.3, 0.4, 0.5, 0.6, 0.7], 'outer_cv': 10, 'inner_cv': 3, 'use_threshold_grid': True, 'use_model_grid': True, 'grid': [{'estimator__C': [0.01, 0.1, 1.0, 10.0], 'estimator__class_weight': [None, 'balanced']}, {}], 'save_more_metadata': True, 'all_thresholds': True, 'use_subset': True, 'subset_size': 0.1, 'plot_show': True}"
graphics,2,46.655,threshold_0.1,resnet50,,logistic,,0.282258064516129,0.2448399845471781,0.2794062043537724,0.9919028340080972,0.9675925925925928,0.7443249701314217,2.6559139784946235,16.010752688172044,1489,247,0.1,"{'estimator__C': 0.01, 'estimator__class_weight': 'balanced'}","{'type': 'graphics', 'vectorizers': ['resnet50'], 'models': ['logistic'], 'balanced_list': [True, True], 'thresholds_text': [None], 'thresholds_graphics': [0.1, 0.2, 0.3, 0.4, 0.5, 0.6, 0.7], 'outer_cv': 10, 'inner_cv': 3, 'use_threshold_grid': True, 'use_model_grid': True, 'grid': [{'estimator__C': [0.01, 0.1, 1.0, 10.0], 'estimator__class_weight': [None, 'balanced']}, {}], 'save_more_metadata': True, 'all_thresholds': True, 'use_subset': True, 'subset_size': 0.1, 'plot_show': True}"
graphics,2,46.655,threshold_0.2,resnet50,,logistic,,0.3032258064516129,0.2398294446745402,0.2991484299958283,0.951417004048583,0.79503367003367,0.6451612903225806,2.6559139784946235,14.010752688172044,1303,247,0.2,"{'estimator__C': 0.01, 'estimator__class_weight': 'balanced'}","{'type': 'graphics', 'vectorizers': ['resnet50'], 'models': ['logistic'], 'balanced_list': [True, True], 'thresholds_text': [None], 'thresholds_graphics': [0.1, 0.2, 0.3, 0.4, 0.5, 0.6, 0.7], 'outer_cv': 10, 'inner_cv': 3, 'use_threshold_grid': True, 'use_model_grid': True, 'grid': [{'estimator__C': [0.01, 0.1, 1.0, 10.0], 'estimator__class_weight': [None, 'balanced']}, {}], 'save_more_metadata': True, 'all_thresholds': True, 'use_subset': True, 'subset_size': 0.1, 'plot_show': True}"
graphics,2,46.655,threshold_0.3,resnet50,,logistic,,0.30625,0.2205604477879865,0.30062286650472,0.7935222672064778,0.5859327518886341,0.5304659498207885,2.6559139784946235,11.10752688172043,1033,247,0.3,"{'estimator__C': 0.01, 'estimator__class_weight': 'balanced'}","{'type': 'graphics', 'vectorizers': ['resnet50'], 'models': ['logistic'], 'balanced_list': [True, True], 'thresholds_text': [None], 'thresholds_graphics': [0.1, 0.2, 0.3, 0.4, 0.5, 0.6, 0.7], 'outer_cv': 10, 'inner_cv': 3, 'use_threshold_grid': True, 'use_model_grid': True, 'grid': [{'estimator__C': [0.01, 0.1, 1.0, 10.0], 'estimator__class_weight': [None, 'balanced']}, {}], 'save_more_metadata': True, 'all_thresholds': True, 'use_subset': True, 'subset_size': 0.1, 'plot_show': True}"
graphics,2,46.655,threshold_0.4,resnet50,,logistic,,0.2869757174392936,0.2009582261378611,0.2843000189774383,0.5263157894736842,0.3839695625725037,0.3859020310633214,2.6559139784946235,7.086021505376344,659,247,0.4,"{'estimator__C': 0.01, 'estimator__class_weight': 'balanced'}","{'type': 'graphics', 'vectorizers': ['resnet50'], 'models': ['logistic'], 'balanced_list': [True, True], 'thresholds_text': [None], 'thresholds_graphics': [0.1, 0.2, 0.3, 0.4, 0.5, 0.6, 0.7], 'outer_cv': 10, 'inner_cv': 3, 'use_threshold_grid': True, 'use_model_grid': True, 'grid': [{'estimator__C': [0.01, 0.1, 1.0, 10.0], 'estimator__class_weight': [None, 'balanced']}, {}], 'save_more_metadata': True, 'all_thresholds': True, 'use_subset': True, 'subset_size': 0.1, 'plot_show': True}"
graphics,2,46.655,threshold_0.5,resnet50,,logistic,,0.2369337979094076,0.1608685439119849,0.2287700352216481,0.2753036437246963,0.1888350474870082,0.2616487455197133,2.6559139784946235,3.5161290322580645,327,247,0.5,"{'estimator__C': 0.01, 'estimator__class_weight': 'balanced'}","{'type': 'graphics', 'vectorizers': ['resnet50'], 'models': ['logistic'], 'balanced_list': [True, True], 'thresholds_text': [None], 'thresholds_graphics': [0.1, 0.2, 0.3, 0.4, 0.5, 0.6, 0.7], 'outer_cv': 10, 'inner_cv': 3, 'use_threshold_grid': True, 'use_model_grid': True, 'grid': [{'estimator__C': [0.01, 0.1, 1.0, 10.0], 'estimator__class_weight': [None, 'balanced']}, {}], 'save_more_metadata': True, 'all_thresholds': True, 'use_subset': True, 'subset_size': 0.1, 'plot_show': True}"
graphics,2,46.655,threshold_0.6,resnet50,,logistic,,0.1246458923512747,0.0717299212344813,0.1082437275985663,0.0890688259109311,0.0511992473757179,0.1845878136200716,2.6559139784946235,1.1397849462365592,106,247,0.6,"{'estimator__C': 0.01, 'estimator__class_weight': 'balanced'}","{'type': 'graphics', 'vectorizers': ['resnet50'], 'models': ['logistic'], 'balanced_list': [True, True], 'thresholds_text': [None], 'thresholds_graphics': [0.1, 0.2, 0.3, 0.4, 0.5, 0.6, 0.7], 'outer_cv': 10, 'inner_cv': 3, 'use_threshold_grid': True, 'use_model_grid': True, 'grid': [{'estimator__C': [0.01, 0.1, 1.0, 10.0], 'estimator__class_weight': [None, 'balanced']}, {}], 'save_more_metadata': True, 'all_thresholds': True, 'use_subset': True, 'subset_size': 0.1, 'plot_show': True}"
graphics,2,46.655,threshold_0.7,resnet50,,logistic,,0.037174721189591,0.0161616161616161,0.0268817204301075,0.020242914979757,0.0087239340180516,0.1547192353643966,2.6559139784946235,0.2365591397849462,22,247,0.7,"{'estimator__C': 0.01, 'estimator__class_weight': 'balanced'}","{'type': 'graphics', 'vectorizers': ['resnet50'], 'models': ['logistic'], 'balanced_list': [True, True], 'thresholds_text': [None], 'thresholds_graphics': [0.1, 0.2, 0.3, 0.4, 0.5, 0.6, 0.7], 'outer_cv': 10, 'inner_cv': 3, 'use_threshold_grid': True, 'use_model_grid': True, 'grid': [{'estimator__C': [0.01, 0.1, 1.0, 10.0], 'estimator__class_weight': [None, 'balanced']}, {}], 'save_more_metadata': True, 'all_thresholds': True, 'use_subset': True, 'subset_size': 0.1, 'plot_show': True}"
graphics,3,41.81,threshold_0.1,resnet50,,logistic,,0.2909738717339667,0.2510780585036598,0.2872435663152955,0.9919028340080972,0.9259259259259258,0.7453183520599251,2.7752808988764044,16.146067415730336,1437,247,0.1,"{'estimator__C': 0.01, 'estimator__class_weight': 'balanced'}","{'type': 'graphics', 'vectorizers': ['resnet50'], 'models': ['logistic'], 'balanced_list': [True, True], 'thresholds_text': [None], 'thresholds_graphics': [0.1, 0.2, 0.3, 0.4, 0.5, 0.6, 0.7], 'outer_cv': 10, 'inner_cv': 3, 'use_threshold_grid': True, 'use_model_grid': True, 'grid': [{'estimator__C': [0.01, 0.1, 1.0, 10.0], 'estimator__class_weight': [None, 'balanced']}, {}], 'save_more_metadata': True, 'all_thresholds': True, 'use_subset': True, 'subset_size': 0.1, 'plot_show': True}"
graphics,3,41.81,threshold_0.2,resnet50,,logistic,,0.3086253369272237,0.2466968786836228,0.3040396326539228,0.9271255060728744,0.7917027417027418,0.6404494382022472,2.7752808988764044,13.898876404494382,1237,247,0.2,"{'estimator__C': 0.01, 'estimator__class_weight': 'balanced'}","{'type': 'graphics', 'vectorizers': ['resnet50'], 'models': ['logistic'], 'balanced_list': [True, True], 'thresholds_text': [None], 'thresholds_graphics': [0.1, 0.2, 0.3, 0.4, 0.5, 0.6, 0.7], 'outer_cv': 10, 'inner_cv': 3, 'use_threshold_grid': True, 'use_model_grid': True, 'grid': [{'estimator__C': [0.01, 0.1, 1.0, 10.0], 'estimator__class_weight': [None, 'balanced']}, {}], 'save_more_metadata': True, 'all_thresholds': True, 'use_subset': True, 'subset_size': 0.1, 'plot_show': True}"
graphics,3,41.81,threshold_0.3,resnet50,,logistic,,0.3233629749393694,0.2335377215092338,0.318198068363303,0.8097165991902834,0.5963297659130994,0.5224719101123596,2.7752808988764044,11.123595505617978,990,247,0.3,"{'estimator__C': 0.01, 'estimator__class_weight': 'balanced'}","{'type': 'graphics', 'vectorizers': ['resnet50'], 'models': ['logistic'], 'balanced_list': [True, True], 'thresholds_text': [None], 'thresholds_graphics': [0.1, 0.2, 0.3, 0.4, 0.5, 0.6, 0.7], 'outer_cv': 10, 'inner_cv': 3, 'use_threshold_grid': True, 'use_model_grid': True, 'grid': [{'estimator__C': [0.01, 0.1, 1.0, 10.0], 'estimator__class_weight': [None, 'balanced']}, {}], 'save_more_metadata': True, 'all_thresholds': True, 'use_subset': True, 'subset_size': 0.1, 'plot_show': True}"
graphics,3,41.81,threshold_0.4,resnet50,,logistic,,0.3040173724212812,0.1992929980124948,0.2998863807852572,0.5668016194331984,0.3721001497067389,0.4001248439450686,2.7752808988764044,7.573033707865169,674,247,0.4,"{'estimator__C': 0.01, 'estimator__class_weight': 'balanced'}","{'type': 'graphics', 'vectorizers': ['resnet50'], 'models': ['logistic'], 'balanced_list': [True, True], 'thresholds_text': [None], 'thresholds_graphics': [0.1, 0.2, 0.3, 0.4, 0.5, 0.6, 0.7], 'outer_cv': 10, 'inner_cv': 3, 'use_threshold_grid': True, 'use_model_grid': True, 'grid': [{'estimator__C': [0.01, 0.1, 1.0, 10.0], 'estimator__class_weight': [None, 'balanced']}, {}], 'save_more_metadata': True, 'all_thresholds': True, 'use_subset': True, 'subset_size': 0.1, 'plot_show': True}"
graphics,3,41.81,threshold_0.5,resnet50,,logistic,,0.2689075630252101,0.165920711481615,0.2602372034956304,0.3238866396761133,0.1986076527549395,0.2715355805243445,2.7752808988764044,3.9101123595505616,348,247,0.5,"{'estimator__C': 0.01, 'estimator__class_weight': 'balanced'}","{'type': 'graphics', 'vectorizers': ['resnet50'], 'models': ['logistic'], 'balanced_list': [True, True], 'thresholds_text': [None], 'thresholds_graphics': [0.1, 0.2, 0.3, 0.4, 0.5, 0.6, 0.7], 'outer_cv': 10, 'inner_cv': 3, 'use_threshold_grid': True, 'use_model_grid': True, 'grid': [{'estimator__C': [0.01, 0.1, 1.0, 10.0], 'estimator__class_weight': [None, 'balanced']}, {}], 'save_more_metadata': True, 'all_thresholds': True, 'use_subset': True, 'subset_size': 0.1, 'plot_show': True}"
graphics,3,41.81,threshold_0.6,resnet50,,logistic,,0.1464788732394366,0.0920017972997149,0.1127875869448903,0.1052631578947368,0.065507674567752,0.1891385767790262,2.7752808988764044,1.2134831460674158,108,247,0.6,"{'estimator__C': 0.01, 'estimator__class_weight': 'balanced'}","{'type': 'graphics', 'vectorizers': ['resnet50'], 'models': ['logistic'], 'balanced_list': [True, True], 'thresholds_text': [None], 'thresholds_graphics': [0.1, 0.2, 0.3, 0.4, 0.5, 0.6, 0.7], 'outer_cv': 10, 'inner_cv': 3, 'use_threshold_grid': True, 'use_model_grid': True, 'grid': [{'estimator__C': [0.01, 0.1, 1.0, 10.0], 'estimator__class_weight': [None, 'balanced']}, {}], 'save_more_metadata': True, 'all_thresholds': True, 'use_subset': True, 'subset_size': 0.1, 'plot_show': True}"
graphics,3,41.81,threshold_0.7,resnet50,,logistic,,0.0146520146520146,0.0083170890188434,0.0112359550561797,0.0080971659919028,0.0049956933677863,0.1679151061173533,2.7752808988764044,0.2921348314606741,26,247,0.7,"{'estimator__C': 0.01, 'estimator__class_weight': 'balanced'}","{'type': 'graphics', 'vectorizers': ['resnet50'], 'models': ['logistic'], 'balanced_list': [True, True], 'thresholds_text': [None], 'thresholds_graphics': [0.1, 0.2, 0.3, 0.4, 0.5, 0.6, 0.7], 'outer_cv': 10, 'inner_cv': 3, 'use_threshold_grid': True, 'use_model_grid': True, 'grid': [{'estimator__C': [0.01, 0.1, 1.0, 10.0], 'estimator__class_weight': [None, 'balanced']}, {}], 'save_more_metadata': True, 'all_thresholds': True, 'use_subset': True, 'subset_size': 0.1, 'plot_show': True}"
graphics,4,39.256,threshold_0.1,resnet50,,logistic,,0.2692307692307692,0.2325302152760082,0.2654308841331018,0.9839357429718876,0.9037037037037036,0.753968253968254,2.5408163265306123,16.03061224489796,1571,249,0.1,"{'estimator__C': 0.01, 'estimator__class_weight': 'balanced'}","{'type': 'graphics', 'vectorizers': ['resnet50'], 'models': ['logistic'], 'balanced_list': [True, True], 'thresholds_text': [None], 'thresholds_graphics': [0.1, 0.2, 0.3, 0.4, 0.5, 0.6, 0.7], 'outer_cv': 10, 'inner_cv': 3, 'use_threshold_grid': True, 'use_model_grid': True, 'grid': [{'estimator__C': [0.01, 0.1, 1.0, 10.0], 'estimator__class_weight': [None, 'balanced']}, {}], 'save_more_metadata': True, 'all_thresholds': True, 'use_subset': True, 'subset_size': 0.1, 'plot_show': True}"
graphics,4,39.256,threshold_0.2,resnet50,,logistic,,0.2914321450906816,0.2337379247845886,0.286719380252583,0.9357429718875502,0.782879389129389,0.6422902494331065,2.5408163265306123,13.775510204081632,1350,249,0.2,"{'estimator__C': 0.01, 'estimator__class_weight': 'balanced'}","{'type': 'graphics', 'vectorizers': ['resnet50'], 'models': ['logistic'], 'balanced_list': [True, True], 'thresholds_text': [None], 'thresholds_graphics': [0.1, 0.2, 0.3, 0.4, 0.5, 0.6, 0.7], 'outer_cv': 10, 'inner_cv': 3, 'use_threshold_grid': True, 'use_model_grid': True, 'grid': [{'estimator__C': [0.01, 0.1, 1.0, 10.0], 'estimator__class_weight': [None, 'balanced']}, {}], 'save_more_metadata': True, 'all_thresholds': True, 'use_subset': True, 'subset_size': 0.1, 'plot_show': True}"
graphics,4,39.256,threshold_0.3,resnet50,,logistic,,0.2972972972972973,0.2168296365048594,0.2922880690737833,0.7951807228915663,0.5760836385836385,0.5306122448979592,2.5408163265306123,11.051020408163266,1083,249,0.3,"{'estimator__C': 0.01, 'estimator__class_weight': 'balanced'}","{'type': 'graphics', 'vectorizers': ['resnet50'], 'models': ['logistic'], 'balanced_list': [True, True], 'thresholds_text': [None], 'thresholds_graphics': [0.1, 0.2, 0.3, 0.4, 0.5, 0.6, 0.7], 'outer_cv': 10, 'inner_cv': 3, 'use_threshold_grid': True, 'use_model_grid': True, 'grid': [{'estimator__C': [0.01, 0.1, 1.0, 10.0], 'estimator__class_weight': [None, 'balanced']}, {}], 'save_more_metadata': True, 'all_thresholds': True, 'use_subset': True, 'subset_size': 0.1, 'plot_show': True}"
graphics,4,39.256,threshold_0.4,resnet50,,logistic,,0.2865979381443299,0.1959974544330731,0.2805723471539798,0.5582329317269076,0.3750974334307667,0.3922902494331066,2.5408163265306123,7.357142857142857,721,249,0.4,"{'estimator__C': 0.01, 'estimator__class_weight': 'balanced'}","{'type': 'graphics', 'vectorizers': ['resnet50'], 'models': ['logistic'], 'balanced_list': [True, True], 'thresholds_text': [None], 'thresholds_graphics': [0.1, 0.2, 0.3, 0.4, 0.5, 0.6, 0.7], 'outer_cv': 10, 'inner_cv': 3, 'use_threshold_grid': True, 'use_model_grid': True, 'grid': [{'estimator__C': [0.01, 0.1, 1.0, 10.0], 'estimator__class_weight': [None, 'balanced']}, {}], 'save_more_metadata': True, 'all_thresholds': True, 'use_subset': True, 'subset_size': 0.1, 'plot_show': True}"
graphics,4,39.256,threshold_0.5,resnet50,,logistic,,0.2258064516129032,0.1384259156735535,0.2157375504314279,0.2811244979919678,0.1692330817330817,0.272108843537415,2.5408163265306123,3.7857142857142856,371,249,0.5,"{'estimator__C': 0.01, 'estimator__class_weight': 'balanced'}","{'type': 'graphics', 'vectorizers': ['resnet50'], 'models': ['logistic'], 'balanced_list': [True, True], 'thresholds_text': [None], 'thresholds_graphics': [0.1, 0.2, 0.3, 0.4, 0.5, 0.6, 0.7], 'outer_cv': 10, 'inner_cv': 3, 'use_threshold_grid': True, 'use_model_grid': True, 'grid': [{'estimator__C': [0.01, 0.1, 1.0, 10.0], 'estimator__class_weight': [None, 'balanced']}, {}], 'save_more_metadata': True, 'all_thresholds': True, 'use_subset': True, 'subset_size': 0.1, 'plot_show': True}"
graphics,4,39.256,threshold_0.6,resnet50,,logistic,,0.1458333333333333,0.0970150178674786,0.1142371234207968,0.1124497991967871,0.0756421818921819,0.1859410430839002,2.5408163265306123,1.3775510204081634,135,249,0.6,"{'estimator__C': 0.01, 'estimator__class_weight': 'balanced'}","{'type': 'graphics', 'vectorizers': ['resnet50'], 'models': ['logistic'], 'balanced_list': [True, True], 'thresholds_text': [None], 'thresholds_graphics': [0.1, 0.2, 0.3, 0.4, 0.5, 0.6, 0.7], 'outer_cv': 10, 'inner_cv': 3, 'use_threshold_grid': True, 'use_model_grid': True, 'grid': [{'estimator__C': [0.01, 0.1, 1.0, 10.0], 'estimator__class_weight': [None, 'balanced']}, {}], 'save_more_metadata': True, 'all_thresholds': True, 'use_subset': True, 'subset_size': 0.1, 'plot_show': True}"
graphics,4,39.256,threshold_0.7,resnet50,,logistic,,0.0147058823529411,0.0111309878751739,0.0085034013605442,0.0080321285140562,0.0074955908289241,0.1519274376417233,2.5408163265306123,0.2346938775510204,23,249,0.7,"{'estimator__C': 0.01, 'estimator__class_weight': 'balanced'}","{'type': 'graphics', 'vectorizers': ['resnet50'], 'models': ['logistic'], 'balanced_list': [True, True], 'thresholds_text': [None], 'thresholds_graphics': [0.1, 0.2, 0.3, 0.4, 0.5, 0.6, 0.7], 'outer_cv': 10, 'inner_cv': 3, 'use_threshold_grid': True, 'use_model_grid': True, 'grid': [{'estimator__C': [0.01, 0.1, 1.0, 10.0], 'estimator__class_weight': [None, 'balanced']}, {}], 'save_more_metadata': True, 'all_thresholds': True, 'use_subset': True, 'subset_size': 0.1, 'plot_show': True}"
graphics,5,47.278,threshold_0.1,resnet50,,logistic,,0.2628755364806867,0.2248276098688826,0.2573522146553443,0.9839357429718876,0.8703703703703703,0.7557755775577558,2.4653465346534653,15.990099009900993,1615,249,0.1,"{'estimator__C': 0.01, 'estimator__class_weight': 'balanced'}","{'type': 'graphics', 'vectorizers': ['resnet50'], 'models': ['logistic'], 'balanced_list': [True, True], 'thresholds_text': [None], 'thresholds_graphics': [0.1, 0.2, 0.3, 0.4, 0.5, 0.6, 0.7], 'outer_cv': 10, 'inner_cv': 3, 'use_threshold_grid': True, 'use_model_grid': True, 'grid': [{'estimator__C': [0.01, 0.1, 1.0, 10.0], 'estimator__class_weight': [None, 'balanced']}, {}], 'save_more_metadata': True, 'all_thresholds': True, 'use_subset': True, 'subset_size': 0.1, 'plot_show': True}"
graphics,5,47.278,threshold_0.2,resnet50,,logistic,,0.2788749251944943,0.218615825392825,0.2731118177819891,0.9357429718875502,0.7210297418630751,0.6628162816281629,2.4653465346534653,14.07920792079208,1422,249,0.2,"{'estimator__C': 0.01, 'estimator__class_weight': 'balanced'}","{'type': 'graphics', 'vectorizers': ['resnet50'], 'models': ['logistic'], 'balanced_list': [True, True], 'thresholds_text': [None], 'thresholds_graphics': [0.1, 0.2, 0.3, 0.4, 0.5, 0.6, 0.7], 'outer_cv': 10, 'inner_cv': 3, 'use_threshold_grid': True, 'use_model_grid': True, 'grid': [{'estimator__C': [0.01, 0.1, 1.0, 10.0], 'estimator__class_weight': [None, 'balanced']}, {}], 'save_more_metadata': True, 'all_thresholds': True, 'use_subset': True, 'subset_size': 0.1, 'plot_show': True}"
graphics,5,47.278,threshold_0.3,resnet50,,logistic,,0.2859259259259259,0.2091249987033828,0.2815150875139226,0.7751004016064257,0.570830280225705,0.5302530253025303,2.4653465346534653,10.9009900990099,1101,249,0.3,"{'estimator__C': 0.01, 'estimator__class_weight': 'balanced'}","{'type': 'graphics', 'vectorizers': ['resnet50'], 'models': ['logistic'], 'balanced_list': [True, True], 'thresholds_text': [None], 'thresholds_graphics': [0.1, 0.2, 0.3, 0.4, 0.5, 0.6, 0.7], 'outer_cv': 10, 'inner_cv': 3, 'use_threshold_grid': True, 'use_model_grid': True, 'grid': [{'estimator__C': [0.01, 0.1, 1.0, 10.0], 'estimator__class_weight': [None, 'balanced']}, {}], 'save_more_metadata': True, 'all_thresholds': True, 'use_subset': True, 'subset_size': 0.1, 'plot_show': True}"
graphics,5,47.278,threshold_0.4,resnet50,,logistic,,0.2770475227502528,0.1871659482926426,0.275059868624225,0.5502008032128514,0.3692801162163907,0.3932893289328933,2.4653465346534653,7.326732673267327,740,249,0.4,"{'estimator__C': 0.01, 'estimator__class_weight': 'balanced'}","{'type': 'graphics', 'vectorizers': ['resnet50'], 'models': ['logistic'], 'balanced_list': [True, True], 'thresholds_text': [None], 'thresholds_graphics': [0.1, 0.2, 0.3, 0.4, 0.5, 0.6, 0.7], 'outer_cv': 10, 'inner_cv': 3, 'use_threshold_grid': True, 'use_model_grid': True, 'grid': [{'estimator__C': [0.01, 0.1, 1.0, 10.0], 'estimator__class_weight': [None, 'balanced']}, {}], 'save_more_metadata': True, 'all_thresholds': True, 'use_subset': True, 'subset_size': 0.1, 'plot_show': True}"
graphics,5,47.278,threshold_0.5,resnet50,,logistic,,0.2354788069073783,0.1578718383242428,0.2336090751932336,0.3012048192771084,0.2064063039961732,0.2678767876787679,2.4653465346534653,3.8415841584158414,388,249,0.5,"{'estimator__C': 0.01, 'estimator__class_weight': 'balanced'}","{'type': 'graphics', 'vectorizers': ['resnet50'], 'models': ['logistic'], 'balanced_list': [True, True], 'thresholds_text': [None], 'thresholds_graphics': [0.1, 0.2, 0.3, 0.4, 0.5, 0.6, 0.7], 'outer_cv': 10, 'inner_cv': 3, 'use_threshold_grid': True, 'use_model_grid': True, 'grid': [{'estimator__C': [0.01, 0.1, 1.0, 10.0], 'estimator__class_weight': [None, 'balanced']}, {}], 'save_more_metadata': True, 'all_thresholds': True, 'use_subset': True, 'subset_size': 0.1, 'plot_show': True}"
graphics,5,47.278,threshold_0.6,resnet50,,logistic,,0.135,0.0773674019421071,0.1241159830268741,0.108433734939759,0.0629766218410009,0.1903190319031903,2.4653465346534653,1.495049504950495,151,249,0.6,"{'estimator__C': 0.01, 'estimator__class_weight': 'balanced'}","{'type': 'graphics', 'vectorizers': ['resnet50'], 'models': ['logistic'], 'balanced_list': [True, True], 'thresholds_text': [None], 'thresholds_graphics': [0.1, 0.2, 0.3, 0.4, 0.5, 0.6, 0.7], 'outer_cv': 10, 'inner_cv': 3, 'use_threshold_grid': True, 'use_model_grid': True, 'grid': [{'estimator__C': [0.01, 0.1, 1.0, 10.0], 'estimator__class_weight': [None, 'balanced']}, {}], 'save_more_metadata': True, 'all_thresholds': True, 'use_subset': True, 'subset_size': 0.1, 'plot_show': True}"
graphics,5,47.278,threshold_0.7,resnet50,,logistic,,0.0293040293040293,0.0171178309476181,0.0247524752475247,0.0160642570281124,0.0092878556930844,0.1457645764576457,2.4653465346534653,0.2376237623762376,24,249,0.7,"{'estimator__C': 0.01, 'estimator__class_weight': 'balanced'}","{'type': 'graphics', 'vectorizers': ['resnet50'], 'models': ['logistic'], 'balanced_list': [True, True], 'thresholds_text': [None], 'thresholds_graphics': [0.1, 0.2, 0.3, 0.4, 0.5, 0.6, 0.7], 'outer_cv': 10, 'inner_cv': 3, 'use_threshold_grid': True, 'use_model_grid': True, 'grid': [{'estimator__C': [0.01, 0.1, 1.0, 10.0], 'estimator__class_weight': [None, 'balanced']}, {}], 'save_more_metadata': True, 'all_thresholds': True, 'use_subset': True, 'subset_size': 0.1, 'plot_show': True}"
graphics,6,44.169,threshold_0.1,resnet50,,logistic,,0.2764505119453925,0.2376755309442314,0.2723215206541403,0.9878048780487804,0.8888888888888888,0.75177304964539,2.617021276595745,16.085106382978722,1512,246,0.1,"{'estimator__C': 0.01, 'estimator__class_weight': 'balanced'}","{'type': 'graphics', 'vectorizers': ['resnet50'], 'models': ['logistic'], 'balanced_list': [True, True], 'thresholds_text': [None], 'thresholds_graphics': [0.1, 0.2, 0.3, 0.4, 0.5, 0.6, 0.7], 'outer_cv': 10, 'inner_cv': 3, 'use_threshold_grid': True, 'use_model_grid': True, 'grid': [{'estimator__C': [0.01, 0.1, 1.0, 10.0], 'estimator__class_weight': [None, 'balanced']}, {}], 'save_more_metadata': True, 'all_thresholds': True, 'use_subset': True, 'subset_size': 0.1, 'plot_show': True}"
graphics,6,44.169,threshold_0.2,resnet50,,logistic,,0.3025974025974026,0.2446471417866841,0.2985671402681151,0.9471544715447154,0.8305376722043389,0.6347517730496454,2.617021276595745,13.76595744680851,1294,246,0.2,"{'estimator__C': 0.01, 'estimator__class_weight': 'balanced'}","{'type': 'graphics', 'vectorizers': ['resnet50'], 'models': ['logistic'], 'balanced_list': [True, True], 'thresholds_text': [None], 'thresholds_graphics': [0.1, 0.2, 0.3, 0.4, 0.5, 0.6, 0.7], 'outer_cv': 10, 'inner_cv': 3, 'use_threshold_grid': True, 'use_model_grid': True, 'grid': [{'estimator__C': [0.01, 0.1, 1.0, 10.0], 'estimator__class_weight': [None, 'balanced']}, {}], 'save_more_metadata': True, 'all_thresholds': True, 'use_subset': True, 'subset_size': 0.1, 'plot_show': True}"
graphics,6,44.169,threshold_0.3,resnet50,,logistic,,0.3124504361617763,0.2381153675494087,0.3130203911649468,0.8008130081300813,0.6486951864402845,0.5124113475177305,2.617021276595745,10.797872340425531,1015,246,0.3,"{'estimator__C': 0.01, 'estimator__class_weight': 'balanced'}","{'type': 'graphics', 'vectorizers': ['resnet50'], 'models': ['logistic'], 'balanced_list': [True, True], 'thresholds_text': [None], 'thresholds_graphics': [0.1, 0.2, 0.3, 0.4, 0.5, 0.6, 0.7], 'outer_cv': 10, 'inner_cv': 3, 'use_threshold_grid': True, 'use_model_grid': True, 'grid': [{'estimator__C': [0.01, 0.1, 1.0, 10.0], 'estimator__class_weight': [None, 'balanced']}, {}], 'save_more_metadata': True, 'all_thresholds': True, 'use_subset': True, 'subset_size': 0.1, 'plot_show': True}"
graphics,6,44.169,threshold_0.4,resnet50,,logistic,,0.2971175166297117,0.2100064111698145,0.3035751482559993,0.5447154471544715,0.4077403669315434,0.3747044917257683,2.617021276595745,6.97872340425532,656,246,0.4,"{'estimator__C': 0.01, 'estimator__class_weight': 'balanced'}","{'type': 'graphics', 'vectorizers': ['resnet50'], 'models': ['logistic'], 'balanced_list': [True, True], 'thresholds_text': [None], 'thresholds_graphics': [0.1, 0.2, 0.3, 0.4, 0.5, 0.6, 0.7], 'outer_cv': 10, 'inner_cv': 3, 'use_threshold_grid': True, 'use_model_grid': True, 'grid': [{'estimator__C': [0.01, 0.1, 1.0, 10.0], 'estimator__class_weight': [None, 'balanced']}, {}], 'save_more_metadata': True, 'all_thresholds': True, 'use_subset': True, 'subset_size': 0.1, 'plot_show': True}"
graphics,6,44.169,threshold_0.5,resnet50,,logistic,,0.2634315424610052,0.1584461453475176,0.2571175278622087,0.3089430894308943,0.1950167660951974,0.2511820330969267,2.617021276595745,3.521276595744681,331,246,0.5,"{'estimator__C': 0.01, 'estimator__class_weight': 'balanced'}","{'type': 'graphics', 'vectorizers': ['resnet50'], 'models': ['logistic'], 'balanced_list': [True, True], 'thresholds_text': [None], 'thresholds_graphics': [0.1, 0.2, 0.3, 0.4, 0.5, 0.6, 0.7], 'outer_cv': 10, 'inner_cv': 3, 'use_threshold_grid': True, 'use_model_grid': True, 'grid': [{'estimator__C': [0.01, 0.1, 1.0, 10.0], 'estimator__class_weight': [None, 'balanced']}, {}], 'save_more_metadata': True, 'all_thresholds': True, 'use_subset': True, 'subset_size': 0.1, 'plot_show': True}"
graphics,6,44.169,threshold_0.6,resnet50,,logistic,,0.1412429378531073,0.0951867626598809,0.1367274569402229,0.1016260162601626,0.0754785791550497,0.1796690307328605,2.617021276595745,1.148936170212766,108,246,0.6,"{'estimator__C': 0.01, 'estimator__class_weight': 'balanced'}","{'type': 'graphics', 'vectorizers': ['resnet50'], 'models': ['logistic'], 'balanced_list': [True, True], 'thresholds_text': [None], 'thresholds_graphics': [0.1, 0.2, 0.3, 0.4, 0.5, 0.6, 0.7], 'outer_cv': 10, 'inner_cv': 3, 'use_threshold_grid': True, 'use_model_grid': True, 'grid': [{'estimator__C': [0.01, 0.1, 1.0, 10.0], 'estimator__class_weight': [None, 'balanced']}, {}], 'save_more_metadata': True, 'all_thresholds': True, 'use_subset': True, 'subset_size': 0.1, 'plot_show': True}"
graphics,6,44.169,threshold_0.7,resnet50,,logistic,,0.0223880597014925,0.0263935031376891,0.0166666666666666,0.0121951219512195,0.023313492063492,0.1548463356973995,2.617021276595745,0.2340425531914893,22,246,0.7,"{'estimator__C': 0.01, 'estimator__class_weight': 'balanced'}","{'type': 'graphics', 'vectorizers': ['resnet50'], 'models': ['logistic'], 'balanced_list': [True, True], 'thresholds_text': [None], 'thresholds_graphics': [0.1, 0.2, 0.3, 0.4, 0.5, 0.6, 0.7], 'outer_cv': 10, 'inner_cv': 3, 'use_threshold_grid': True, 'use_model_grid': True, 'grid': [{'estimator__C': [0.01, 0.1, 1.0, 10.0], 'estimator__class_weight': [None, 'balanced']}, {}], 'save_more_metadata': True, 'all_thresholds': True, 'use_subset': True, 'subset_size': 0.1, 'plot_show': True}"
graphics,7,53.744,threshold_0.1,resnet50,,logistic,,0.2899761336515513,0.2511225420701533,0.285903180162726,0.9918367346938776,0.9537037037037036,0.7345679012345679,2.7222222222222223,15.9,1431,245,0.1,"{'estimator__C': 0.01, 'estimator__class_weight': 'balanced'}","{'type': 'graphics', 'vectorizers': ['resnet50'], 'models': ['logistic'], 'balanced_list': [True, True], 'thresholds_text': [None], 'thresholds_graphics': [0.1, 0.2, 0.3, 0.4, 0.5, 0.6, 0.7], 'outer_cv': 10, 'inner_cv': 3, 'use_threshold_grid': True, 'use_model_grid': True, 'grid': [{'estimator__C': [0.01, 0.1, 1.0, 10.0], 'estimator__class_weight': [None, 'balanced']}, {}], 'save_more_metadata': True, 'all_thresholds': True, 'use_subset': True, 'subset_size': 0.1, 'plot_show': True}"
graphics,7,53.744,threshold_0.2,resnet50,,logistic,,0.311877903118779,0.2608190473658174,0.307682644057773,0.9591836734693876,0.897097170258935,0.6401234567901235,2.7222222222222223,14.022222222222222,1262,245,0.2,"{'estimator__C': 0.01, 'estimator__class_weight': 'balanced'}","{'type': 'graphics', 'vectorizers': ['resnet50'], 'models': ['logistic'], 'balanced_list': [True, True], 'thresholds_text': [None], 'thresholds_graphics': [0.1, 0.2, 0.3, 0.4, 0.5, 0.6, 0.7], 'outer_cv': 10, 'inner_cv': 3, 'use_threshold_grid': True, 'use_model_grid': True, 'grid': [{'estimator__C': [0.01, 0.1, 1.0, 10.0], 'estimator__class_weight': [None, 'balanced']}, {}], 'save_more_metadata': True, 'all_thresholds': True, 'use_subset': True, 'subset_size': 0.1, 'plot_show': True}"
graphics,7,53.744,threshold_0.3,resnet50,,logistic,,0.322061191626409,0.2396590522565767,0.3192597634754497,0.8163265306122449,0.6225377536406949,0.519753086419753,2.7222222222222223,11.077777777777778,997,245,0.3,"{'estimator__C': 0.01, 'estimator__class_weight': 'balanced'}","{'type': 'graphics', 'vectorizers': ['resnet50'], 'models': ['logistic'], 'balanced_list': [True, True], 'thresholds_text': [None], 'thresholds_graphics': [0.1, 0.2, 0.3, 0.4, 0.5, 0.6, 0.7], 'outer_cv': 10, 'inner_cv': 3, 'use_threshold_grid': True, 'use_model_grid': True, 'grid': [{'estimator__C': [0.01, 0.1, 1.0, 10.0], 'estimator__class_weight': [None, 'balanced']}, {}], 'save_more_metadata': True, 'all_thresholds': True, 'use_subset': True, 'subset_size': 0.1, 'plot_show': True}"
graphics,7,53.744,threshold_0.4,resnet50,,logistic,,0.3147540983606557,0.2233546012758785,0.3082822732822732,0.5877551020408164,0.4264972772325713,0.387037037037037,2.7222222222222223,7.444444444444445,670,245,0.4,"{'estimator__C': 0.01, 'estimator__class_weight': 'balanced'}","{'type': 'graphics', 'vectorizers': ['resnet50'], 'models': ['logistic'], 'balanced_list': [True, True], 'thresholds_text': [None], 'thresholds_graphics': [0.1, 0.2, 0.3, 0.4, 0.5, 0.6, 0.7], 'outer_cv': 10, 'inner_cv': 3, 'use_threshold_grid': True, 'use_model_grid': True, 'grid': [{'estimator__C': [0.01, 0.1, 1.0, 10.0], 'estimator__class_weight': [None, 'balanced']}, {}], 'save_more_metadata': True, 'all_thresholds': True, 'use_subset': True, 'subset_size': 0.1, 'plot_show': True}"
graphics,7,53.744,threshold_0.5,resnet50,,logistic,,0.261617900172117,0.1748330353221657,0.2496224146224146,0.310204081632653,0.2123101027512792,0.2648148148148148,2.7222222222222223,3.733333333333333,336,245,0.5,"{'estimator__C': 0.01, 'estimator__class_weight': 'balanced'}","{'type': 'graphics', 'vectorizers': ['resnet50'], 'models': ['logistic'], 'balanced_list': [True, True], 'thresholds_text': [None], 'thresholds_graphics': [0.1, 0.2, 0.3, 0.4, 0.5, 0.6, 0.7], 'outer_cv': 10, 'inner_cv': 3, 'use_threshold_grid': True, 'use_model_grid': True, 'grid': [{'estimator__C': [0.01, 0.1, 1.0, 10.0], 'estimator__class_weight': [None, 'balanced']}, {}], 'save_more_metadata': True, 'all_thresholds': True, 'use_subset': True, 'subset_size': 0.1, 'plot_show': True}"
graphics,7,53.744,threshold_0.6,resnet50,,logistic,,0.1333333333333333,0.0769874209832802,0.1139417989417989,0.0979591836734693,0.057306538777127,0.1925925925925926,2.7222222222222223,1.2777777777777777,115,245,0.6,"{'estimator__C': 0.01, 'estimator__class_weight': 'balanced'}","{'type': 'graphics', 'vectorizers': ['resnet50'], 'models': ['logistic'], 'balanced_list': [True, True], 'thresholds_text': [None], 'thresholds_graphics': [0.1, 0.2, 0.3, 0.4, 0.5, 0.6, 0.7], 'outer_cv': 10, 'inner_cv': 3, 'use_threshold_grid': True, 'use_model_grid': True, 'grid': [{'estimator__C': [0.01, 0.1, 1.0, 10.0], 'estimator__class_weight': [None, 'balanced']}, {}], 'save_more_metadata': True, 'all_thresholds': True, 'use_subset': True, 'subset_size': 0.1, 'plot_show': True}"
graphics,7,53.744,threshold_0.7,resnet50,,logistic,,0.0436363636363636,0.0227774410667006,0.0366666666666666,0.0244897959183673,0.0130874218374218,0.1623456790123456,2.7222222222222223,0.3333333333333333,30,245,0.7,"{'estimator__C': 0.01, 'estimator__class_weight': 'balanced'}","{'type': 'graphics', 'vectorizers': ['resnet50'], 'models': ['logistic'], 'balanced_list': [True, True], 'thresholds_text': [None], 'thresholds_graphics': [0.1, 0.2, 0.3, 0.4, 0.5, 0.6, 0.7], 'outer_cv': 10, 'inner_cv': 3, 'use_threshold_grid': True, 'use_model_grid': True, 'grid': [{'estimator__C': [0.01, 0.1, 1.0, 10.0], 'estimator__class_weight': [None, 'balanced']}, {}], 'save_more_metadata': True, 'all_thresholds': True, 'use_subset': True, 'subset_size': 0.1, 'plot_show': True}"
graphics,8,51.483,threshold_0.1,resnet50,,logistic,,0.2717692734331669,0.2304316107564873,0.2661581625230357,0.9760956175298804,0.8364197530864197,0.7443310657596371,2.561224489795918,15.83673469387755,1552,251,0.1,"{'estimator__C': 0.01, 'estimator__class_weight': 'balanced'}","{'type': 'graphics', 'vectorizers': ['resnet50'], 'models': ['logistic'], 'balanced_list': [True, True], 'thresholds_text': [None], 'thresholds_graphics': [0.1, 0.2, 0.3, 0.4, 0.5, 0.6, 0.7], 'outer_cv': 10, 'inner_cv': 3, 'use_threshold_grid': True, 'use_model_grid': True, 'grid': [{'estimator__C': [0.01, 0.1, 1.0, 10.0], 'estimator__class_weight': [None, 'balanced']}, {}], 'save_more_metadata': True, 'all_thresholds': True, 'use_subset': True, 'subset_size': 0.1, 'plot_show': True}"
graphics,8,51.483,threshold_0.2,resnet50,,logistic,,0.2901425914445133,0.2319451069542341,0.2835898953759255,0.9322709163346612,0.7777821987380811,0.6490929705215419,2.561224489795918,13.89795918367347,1362,251,0.2,"{'estimator__C': 0.01, 'estimator__class_weight': 'balanced'}","{'type': 'graphics', 'vectorizers': ['resnet50'], 'models': ['logistic'], 'balanced_list': [True, True], 'thresholds_text': [None], 'thresholds_graphics': [0.1, 0.2, 0.3, 0.4, 0.5, 0.6, 0.7], 'outer_cv': 10, 'inner_cv': 3, 'use_threshold_grid': True, 'use_model_grid': True, 'grid': [{'estimator__C': [0.01, 0.1, 1.0, 10.0], 'estimator__class_weight': [None, 'balanced']}, {}], 'save_more_metadata': True, 'all_thresholds': True, 'use_subset': True, 'subset_size': 0.1, 'plot_show': True}"
graphics,8,51.483,threshold_0.3,resnet50,,logistic,,0.3085966201322557,0.2342322426978802,0.3010129542992688,0.8366533864541833,0.6591437130407719,0.5334467120181405,2.561224489795918,11.326530612244898,1110,251,0.3,"{'estimator__C': 0.01, 'estimator__class_weight': 'balanced'}","{'type': 'graphics', 'vectorizers': ['resnet50'], 'models': ['logistic'], 'balanced_list': [True, True], 'thresholds_text': [None], 'thresholds_graphics': [0.1, 0.2, 0.3, 0.4, 0.5, 0.6, 0.7], 'outer_cv': 10, 'inner_cv': 3, 'use_threshold_grid': True, 'use_model_grid': True, 'grid': [{'estimator__C': [0.01, 0.1, 1.0, 10.0], 'estimator__class_weight': [None, 'balanced']}, {}], 'save_more_metadata': True, 'all_thresholds': True, 'use_subset': True, 'subset_size': 0.1, 'plot_show': True}"
graphics,8,51.483,threshold_0.4,resnet50,,logistic,,0.3128834355828221,0.2273624672505887,0.3042557782353701,0.6095617529880478,0.4626885922719255,0.3809523809523809,2.561224489795918,7.418367346938775,727,251,0.4,"{'estimator__C': 0.01, 'estimator__class_weight': 'balanced'}","{'type': 'graphics', 'vectorizers': ['resnet50'], 'models': ['logistic'], 'balanced_list': [True, True], 'thresholds_text': [None], 'thresholds_graphics': [0.1, 0.2, 0.3, 0.4, 0.5, 0.6, 0.7], 'outer_cv': 10, 'inner_cv': 3, 'use_threshold_grid': True, 'use_model_grid': True, 'grid': [{'estimator__C': [0.01, 0.1, 1.0, 10.0], 'estimator__class_weight': [None, 'balanced']}, {}], 'save_more_metadata': True, 'all_thresholds': True, 'use_subset': True, 'subset_size': 0.1, 'plot_show': True}"
graphics,8,51.483,threshold_0.5,resnet50,,logistic,,0.2459546925566343,0.1738105595626391,0.2343051506316812,0.3027888446215139,0.2167994133680408,0.264172335600907,2.561224489795918,3.744897959183673,367,251,0.5,"{'estimator__C': 0.01, 'estimator__class_weight': 'balanced'}","{'type': 'graphics', 'vectorizers': ['resnet50'], 'models': ['logistic'], 'balanced_list': [True, True], 'thresholds_text': [None], 'thresholds_graphics': [0.1, 0.2, 0.3, 0.4, 0.5, 0.6, 0.7], 'outer_cv': 10, 'inner_cv': 3, 'use_threshold_grid': True, 'use_model_grid': True, 'grid': [{'estimator__C': [0.01, 0.1, 1.0, 10.0], 'estimator__class_weight': [None, 'balanced']}, {}], 'save_more_metadata': True, 'all_thresholds': True, 'use_subset': True, 'subset_size': 0.1, 'plot_show': True}"
graphics,8,51.483,threshold_0.6,resnet50,,logistic,,0.1043956043956044,0.0567374041053867,0.1071671525753158,0.0756972111553784,0.0404001617482009,0.1848072562358276,2.561224489795918,1.153061224489796,113,251,0.6,"{'estimator__C': 0.01, 'estimator__class_weight': 'balanced'}","{'type': 'graphics', 'vectorizers': ['resnet50'], 'models': ['logistic'], 'balanced_list': [True, True], 'thresholds_text': [None], 'thresholds_graphics': [0.1, 0.2, 0.3, 0.4, 0.5, 0.6, 0.7], 'outer_cv': 10, 'inner_cv': 3, 'use_threshold_grid': True, 'use_model_grid': True, 'grid': [{'estimator__C': [0.01, 0.1, 1.0, 10.0], 'estimator__class_weight': [None, 'balanced']}, {}], 'save_more_metadata': True, 'all_thresholds': True, 'use_subset': True, 'subset_size': 0.1, 'plot_show': True}"
graphics,8,51.483,threshold_0.7,resnet50,,logistic,,0.0293040293040293,0.0228122061455394,0.0200680272108843,0.0159362549800796,0.0126017999792509,0.1502267573696145,2.561224489795918,0.2244897959183673,22,251,0.7,"{'estimator__C': 0.01, 'estimator__class_weight': 'balanced'}","{'type': 'graphics', 'vectorizers': ['resnet50'], 'models': ['logistic'], 'balanced_list': [True, True], 'thresholds_text': [None], 'thresholds_graphics': [0.1, 0.2, 0.3, 0.4, 0.5, 0.6, 0.7], 'outer_cv': 10, 'inner_cv': 3, 'use_threshold_grid': True, 'use_model_grid': True, 'grid': [{'estimator__C': [0.01, 0.1, 1.0, 10.0], 'estimator__class_weight': [None, 'balanced']}, {}], 'save_more_metadata': True, 'all_thresholds': True, 'use_subset': True, 'subset_size': 0.1, 'plot_show': True}"
graphics,9,49.915,threshold_0.1,resnet50,,logistic,,0.2745762711864407,0.23660795012048558,0.2699442967318931,0.9838056680161943,0.8653198653198654,0.7588652482269503,2.627659574468085,16.20212765957447,1523,247,0.1,"{'estimator__C': 0.01, 'estimator__class_weight': 'balanced'}","{'type': 'graphics', 'vectorizers': ['resnet50'], 'models': ['logistic'], 'balanced_list': [True, True], 'thresholds_text': [None], 'thresholds_graphics': [0.1, 0.2, 0.3, 0.4, 0.5, 0.6, 0.7], 'outer_cv': 10, 'inner_cv': 3, 'use_threshold_grid': True, 'use_model_grid': True, 'grid': [{'estimator__C': [0.01, 0.1, 1.0, 10.0], 'estimator__class_weight': [None, 'balanced']}, {}], 'save_more_metadata': True, 'all_thresholds': True, 'use_subset': True, 'subset_size': 0.1, 'plot_show': True}"
graphics,9,49.915,threshold_0.2,resnet50,,logistic,,0.29890955740859526,0.23688016597664438,0.29397816912391045,0.9433198380566802,0.7713894901394902,0.6459810874704491,2.627659574468085,13.957446808510639,1312,247,0.2,"{'estimator__C': 0.01, 'estimator__class_weight': 'balanced'}","{'type': 'graphics', 'vectorizers': ['resnet50'], 'models': ['logistic'], 'balanced_list': [True, True], 'thresholds_text': [None], 'thresholds_graphics': [0.1, 0.2, 0.3, 0.4, 0.5, 0.6, 0.7], 'outer_cv': 10, 'inner_cv': 3, 'use_threshold_grid': True, 'use_model_grid': True, 'grid': [{'estimator__C': [0.01, 0.1, 1.0, 10.0], 'estimator__class_weight': [None, 'balanced']}, {}], 'save_more_metadata': True, 'all_thresholds': True, 'use_subset': True, 'subset_size': 0.1, 'plot_show': True}"
graphics,9,49.915,threshold_0.3,resnet50,,logistic,,0.3147440794499618,0.23623814564649356,0.3072024901812136,0.8340080971659919,0.6402541285874619,0.5301418439716312,2.627659574468085,11.297872340425531,1062,247,0.3,"{'estimator__C': 0.01, 'estimator__class_weight': 'balanced'}","{'type': 'graphics', 'vectorizers': ['resnet50'], 'models': ['logistic'], 'balanced_list': [True, True], 'thresholds_text': [None], 'thresholds_graphics': [0.1, 0.2, 0.3, 0.4, 0.5, 0.6, 0.7], 'outer_cv': 10, 'inner_cv': 3, 'use_threshold_grid': True, 'use_model_grid': True, 'grid': [{'estimator__C': [0.01, 0.1, 1.0, 10.0], 'estimator__class_weight': [None, 'balanced']}, {}], 'save_more_metadata': True, 'all_thresholds': True, 'use_subset': True, 'subset_size': 0.1, 'plot_show': True}"
graphics,9,49.915,threshold_0.4,resnet50,,logistic,,0.319672131147541,0.2223618600182849,0.31272752070624416,0.631578947368421,0.4381493419355738,0.39243498817966904,2.627659574468085,7.75531914893617,729,247,0.4,"{'estimator__C': 0.01, 'estimator__class_weight': 'balanced'}","{'type': 'graphics', 'vectorizers': ['resnet50'], 'models': ['logistic'], 'balanced_list': [True, True], 'thresholds_text': [None], 'thresholds_graphics': [0.1, 0.2, 0.3, 0.4, 0.5, 0.6, 0.7], 'outer_cv': 10, 'inner_cv': 3, 'use_threshold_grid': True, 'use_model_grid': True, 'grid': [{'estimator__C': [0.01, 0.1, 1.0, 10.0], 'estimator__class_weight': [None, 'balanced']}, {}], 'save_more_metadata': True, 'all_thresholds': True, 'use_subset': True, 'subset_size': 0.1, 'plot_show': True}"
graphics,9,49.915,threshold_0.5,resnet50,,logistic,,0.26058631921824105,0.163223677065815,0.2574161063522765,0.32388663967611336,0.19931405148796455,0.26832151300236406,2.627659574468085,3.904255319148936,367,247,0.5,"{'estimator__C': 0.01, 'estimator__class_weight': 'balanced'}","{'type': 'graphics', 'vectorizers': ['resnet50'], 'models': ['logistic'], 'balanced_list': [True, True], 'thresholds_text': [None], 'thresholds_graphics': [0.1, 0.2, 0.3, 0.4, 0.5, 0.6, 0.7], 'outer_cv': 10, 'inner_cv': 3, 'use_threshold_grid': True, 'use_model_grid': True, 'grid': [{'estimator__C': [0.01, 0.1, 1.0, 10.0], 'estimator__class_weight': [None, 'balanced']}, {}], 'save_more_metadata': True, 'all_thresholds': True, 'use_subset': True, 'subset_size': 0.1, 'plot_show': True}"
graphics,9,49.915,threshold_0.6,resnet50,,logistic,,0.11825192802056556,0.08395248828685362,0.10906788247213778,0.0931174089068826,0.06867771922119749,0.20271867612293143,2.627659574468085,1.5106382978723405,142,247,0.6,"{'estimator__C': 0.01, 'estimator__class_weight': 'balanced'}","{'type': 'graphics', 'vectorizers': ['resnet50'], 'models': ['logistic'], 'balanced_list': [True, True], 'thresholds_text': [None], 'thresholds_graphics': [0.1, 0.2, 0.3, 0.4, 0.5, 0.6, 0.7], 'outer_cv': 10, 'inner_cv': 3, 'use_threshold_grid': True, 'use_model_grid': True, 'grid': [{'estimator__C': [0.01, 0.1, 1.0, 10.0], 'estimator__class_weight': [None, 'balanced']}, {}], 'save_more_metadata': True, 'all_thresholds': True, 'use_subset': True, 'subset_size': 0.1, 'plot_show': True}"
graphics,9,49.915,threshold_0.7,resnet50,,logistic,,0.007246376811594203,0.005555555555555556,0.0070921985815602835,0.004048582995951417,0.003472222222222222,0.16193853427895982,2.627659574468085,0.30851063829787234,29,247,0.7,"{'estimator__C': 0.01, 'estimator__class_weight': 'balanced'}","{'type': 'graphics', 'vectorizers': ['resnet50'], 'models': ['logistic'], 'balanced_list': [True, True], 'thresholds_text': [None], 'thresholds_graphics': [0.1, 0.2, 0.3, 0.4, 0.5, 0.6, 0.7], 'outer_cv': 10, 'inner_cv': 3, 'use_threshold_grid': True, 'use_model_grid': True, 'grid': [{'estimator__C': [0.01, 0.1, 1.0, 10.0], 'estimator__class_weight': [None, 'balanced']}, {}], 'save_more_metadata': True, 'all_thresholds': True, 'use_subset': True, 'subset_size': 0.1, 'plot_show': True}"
